Word,Count
the,514
=,394
,315
*,277
if,223
of,222
to,217
Description:,187
and,170
in,152
for,140
data,138
time,128
is,122
vector,116
:,116
{,114
here,107
-,107
a,102
},101
//,89
are,88
not,88
be,81
from,71
0,69
Returns:,68
this,65
;,65
1,64
code,63
Add,63
false,62
<,61
The,59
with,59
your,58
TODO:,58
+,57
>,57
event,56
call,55
and/or,53
return,52
true,52
message,52
If,50
seconds,49
x,49
value,48
handler,48
file,48
on,46
string,45
that,42
default,42
as,41
RKH,41
OF,40
OR,40
Check,37
.0f;,37
interval,37
2,37
(double),35
FLOAT,35
i,34
min,32
z,32
j,32
int,31
Returns,31
\present,\,31
max,30
d,30
float,30
new,30
case,30
window,30
AS,29
all,29
sec,29
end,29
/,29
Medical,29
Spiro,29
size,29
an,28
key,28
use,28
num,28
/////////////////////////////////////////////////////////////////////,27
it,27
|,27
---Additionals,26
THE,25
axis,25
Parameters:,25
Name,25
!<,24
length,24
<FLOAT>,24
first,23
name,23
@date,23
@author,23
@copyright,23
must,22
events,22
will,22
Time,21
function,21
or,21
>=,21
start,21
ANY,20
3,20
AND,20
%,20
number,20
corresponding,20
input,20
baseline,20
(int,20
by,19
==,19
void,19
then,19
used,19
read,19
units,19
This,18
&&,18
Hz,18
have,18
screen,18
subkey,18
Filter,17
current,17
position,17
Also,17
bedtime,17
median,17
flags,16
than,16
4,16
0.000000,16
coordinates,16
peak,16
source,16
has,15
following,15
\true,\,15
binary,15
other,15
IN,15
set,15
pressure,15
conditions,15
avg,15
success,15
unsuccessful:,15
In,15
class,15
may,14
10,14
above,14
rect,14
at,14
16,14
between,14
1.000000,13
we,13
element,13
stream,13
so,13
*eP,13
version,13
2014,13
pointer,13
recording,12
-1.000000,12
(min,12
break;,12
without,12
written,12
mem,12
autoDetection,12
5,12
before,12
limit,12
Input,12
Font,12
ii,12
from),12
family,12
analysis,12
should,12
mapped,12
//},12
array,12
no,12
list,12
equal,12
names,11
graph,11
now,11
Number,11
Frequency:,11
CEvnt,11
Find,11
level,11
values,11
returns,11
_valName:,11
Max,11
---Find,11
Nothing,11
Copyright,11
excluded,11
based,11
unit,11
A,11
Incorporated,10
NOT,10
Description,10
Combine,10
numR,10
user,10
sets,10
.0f,10
change,10
CONTRIBUTORS,10
generates,10
rate,10
//{,10
parts,10
Texas,10
can,10
COPYRIGHT,10
been,10
LIMITED,10
where,10
Instruments,10
(int),10
BUT,10
\notice,\,10
Pass,10
\TO,\,10
plus,10
sum,10
_t,10
vectors,10
parameters,10
---Read,10
provided,10
SpO2,10
Redistributions,10
IMPLIED,10
was,10
THIS,10
FOR,10
copyright,10
disclaimer,10
Sets,10
\LIABILITY,\,10
strings,9
up,9
memory,9
do,9
registry,9
o,9
object,9
product,9
ID,9
last,9
20,9
Must,9
buffer,9
Takes,9
delete,9
///////////////////////////////////////,9
cursor,9
_val,9
Excluded,9
selected,9
All,9
required,9
i++),9
multiply,9
pos,9
\move,\,9
!inBed,9
8,9
cannot,8
7,8
diff,8
past,8
h,8
these,8
////////////////////////////////////////////////////////////////,8
out,8
single,8
but,8
left,8
9,8
dialog,8
flag,8
specialized,8
Minimum,8
Constructor,8
_v,8
Output,8
---Excluded,8
control,8
either,8
hence,8
channel,8
TORSO_PARAM,8
Timeout,8
dataSet->getPOESVector()->size(),8
Vector,8
Note,8
|=,8
ASSERT(dataSet);,8
6,8
decryption,8
To,8
client,8
y,8
double,8
needed,7
60,7
return;,7
temp,7
rest,7
long,7
much,7
_keyName:,7
Protects,7
\axis,\,7
date,7
press,7
each,7
limits,7
xml,7
p1,7
NULL;,7
---Check,7
touched,7
_from,7
constant,7
computed,7
Central,7
(float),7
valid,7
Awake,7
base,7
---Effective,7
point,7
add,7
*),7
Sampling,7
Used,7
Get,7
effectuve,7
system,7
samples,7
_to,7
specific,7
able,7
happens,7
weP;,6
wider,6
Z,6
slightly,6
**************************************************************,6
XML,6
Low,6
2011,6
Always,6
*weP,6
beginning,6
average,6
/////////////////////////////////////,6
collection),6
correspond,6
30,6
Do,6
schedule,6
WinFilter,6
two,6
saturation,6
note,6
go,6
Row,6
||,6
under,6
font,6
shift,6
collection,6
standard,6
(weP->getTo(),6
reserved,6
CString,6
model:,6
//vector,6
((weP->getTo(),6
milliseconds,6
serial,6
y-axis,6
fir(float,6
Maximum,6
lower_bound()/upper_bound(),6
Maximal,6
+=,6
Data,6
peaks,6
TRUE,6
seek,6
>>,6
_eV:,6
changed,6
(((weP->getFrom(),6
akundert@hotmail.com,6
NewSample),6
Handles,6
receive,6
zero,6
sample,6
RERA,6
Obstr,6
prior,6
prodkey,6
about,6
body,6
to)),6
*****************************,6
drop,6
Minimal,6
_to:,6
CRect,6
type:,6
_from:,6
files,6
Quantization:,6
to))),6
CRERAEvnt,6
(NULL,6
area,6
Sends,6
t1,6
By,6
extracted,6
Histogram,6
Coefficents,6
Write,6
*************************************************************,6
histogram,6
Rev,6
temperature,6
************************************,6
_t:,6
http://www.winfilter.20m.com,6
were,6
after,6
*INN*,6
higher,6
////////////////////////////////////////////////,6
These,6
domain,6
0.8,6
Mix,6
move,6
ii--),6
****************************************,6
series,6
(weP->getFrom(),6
software,6
---For,6
File,6
i--),5
SUCH,5
BOOL,5
\SOFTWARE,\,5
Generates,5
ARE,5
DAMAGE,5
\INCIDENTAL,\,5
permitted,5
derived,5
EVEN,5
@file,5
only,5
pulse,5
BUSINESS,5
queue,5
output,5
type,5
\USE,\,5
\CONTRACT,\,5
INTERRUPTION),5
<FLOAT>::iterator,5
HOLDERS,5
_v0:,5
stop,5
ARISING,5
xyGraph,5
\INCLUDING,\,5
WARRANTIES,5
OTHERWISE),5
DIU,5
WHETHER,5
waits,5
PROFITS;,5
reload,5
below,5
\modification,\,5
its,5
End,5
IS,5
PROCUREMENT,5
endorse,5
documentation,5
added,5
\DIRECT,\,5
FITNESS,5
LIABLE,5
Left,5
products,5
\IS"\\,5
ON,5
label,5
eP->getTo();,5
THEORY,5
count,5
reraEventArray.RemoveAt(ii);,5
STRICT,5
BE,5
USE,5
SUBSTITUTE,5
on:,5
detection,5
reproduce,5
sequence,5
Defines,5
\3,\,5
(IDOK,5
result,5
reraEventArray.GetCount();,5
IF,5
endpoint,5
sure,5
GOODS,5
\--COPYRIGHT--,BSD\,5
methods,5
Done,5
eP->doLevelAnalysis();,5
_v0,5
OK,5
OUT,5
pages,5
Neither,5
Created,5
HOWEVER,5
1.0,5
promote,5
Eric,5
Author:,5
WAY,5
\(INCLUDING,\,5
neg,5
EXPRESS,5
NEGLIGENCE,5
rights,5
Redistribution,5
TORT,5
\DATA,\,5
@version,5
contributors,5
Graph,5
Peeters,5
\"\AS\,5
ADVISED,5
PURPOSE,5
+/-,5
materials,5
semaphore,5
Nov,5
\EXEMPLARY,\,5
form,5
permission,5
dlg.DoModal();,5
Cut,5
same,5
SHALL,5
\forms,\,5
\WARRANTIES,\,5
next,5
distribution,5
--/COPYRIGHT--,5
manual,5
It,5
SERVICES;,5
Based,5
Initial,5
\SPECIAL,\,5
when,5
(c),5
\INDIRECT,\,5
compute,5
created/opened,5
SOFTWARE,5
(CEvnt,5
---Write,5
checked,5
engineering,5
eP->getFrom();,5
bad,5
No,5
flow,5
EVENT,5
Adds,5
PARTICULAR,5
_factor:,5
CAUSED,5
retain,5
part,5
DISCLAIMED,5
\2011,\,5
sbox,5
met:,5
NO,5
POSSIBILITY,5
LOSS,5
BY,5
largest,5
encryption,5
nor,5
initially,5
val,5
pwszValue);,5
false;,5
(INCLUDING,5
OWNER,5
PROVIDED,5
_v->begin(),5
DAMAGES,5
maximum,5
reraEventArray.GetAt(ii);,5
initializes,5
vector<FLOAT>::iterator,5
dataSet->getPOESVector()->end()),5
multiple,5
MERCHANTABILITY,5
CONSEQUENTIAL,5
returned,5
defined,4
D,4
write,4
pt++;,4
PRESS_OUT_OF_RANGE;,4
shall,4
support,4
Just,4
\FILTER_DESIGN_SAMPLE_INTERVAL,\,4
diff;,4
11,4
ret),4
snoringEventArray.GetCount();,4
too,4
multiplied,4
a(t1),4
copy,4
/*,4
F,4
m_brush.Release();,4
lengths,4
DIR_WRITE,4
centre,4
writer,4
update,4
Engineering,4
B,4
ms,4
edge,4
Computes,4
Read,4
rawData.push_back(val);,4
owned,4
ok,4
line,4
(iter,4
scaling,4
lower,4
mod,4
dataSint);,4
filter,4
C,4
FALSE,4
max;,4
//////////////////////////,4
derivative,4
points,4
Hypo,4
D2D1_POINT_2F,4
else,4
implementation,4
NULL,4
Values,4
05.11.14,4
E,4
readers,4
plot,4
sensible,4
Prelim,4
dataSint,4
etc,4
snoringEventArray.GetAt(i);,4
make,4
attributes,4
hr,4
Pointer,4
one,4
gain,4
(_v->size(),4
keys,4
---Exclude,4
sampling,4
intervals,4
(to,4
(degC),4
Software,4
ret,4
committed,4
DDX/DDV,4
iter++),4
/min,4
what,4
Torso,4
TEMP_OUT_OF_RANGE;,4
Remove,4
For,4
distLeft,4
100,4
dertermine,4
Decrypts,4
---Remove,4
---Central,4
pGradient,4
*p;,4
find,4
exact,4
b(t1),4
Return:,4
settings,4
company,4
Scales,4
dead,4
order,4
\getMaxYScaleFromMeanAndMax(avg,max);\,4
pLeft,4
_p->size(),4
\ID,\,4
switch,4
dlg;,4
\*_min,FLOAT\,4
hours,4
full,4
Dialog,4
created,4
adjusting,4
(m_brush),4
being,4
security,4
changes,4
port,4
---Obstr,4
ID2D1PathGeometry,4
done,4
Reads,4
refills,4
(in,4
_txt,4
def,4
combo,4
******************************,4
main,4
CStream,4
compared,4
avg;,4
removed,4
Does,4
sleeptime,4
CSnoringEvnt,4
bytes,4
\scale,\,4
2014-2015,4
HRESULT,4
more,4
objects,4
---,4
Moves,4
Some,4
//////////////////////////////////////,4
iter,4
goes,4
selector,4
ratio,4
sec.clear();,4
clear,4
Use,4
sqSum,4
empty,4
_v:,4
filling,4
Unit,4
necessary,4
---Signal,4
_ptime->size(),4
box,4
10%,4
labels,4
_ratio:,4
cursorControl),4
Refresh,4
writes,4
constructor,4
i+5,4
\holes,\,4
shiftrow,4
_v->end();,4
into,4
types,4
ID2D1TransformedGeometry,4
(cmH2O),4
\interval,\,4
rows,4
(arousals),3
margin,3
fileOK,3
create,3
_input:,3
handles,3
_resv:,3
configuration,3
button,3
\errfmt,err;\,3
_sArray:,3
interpolation,3
mouse,3
***********************************,3
When,3
Creates,3
m_brush,3
Chebyshev,3
avg3,3
max3,3
_innerTimeout:,3
Source,3
\TRACE(_T("\%s\n"\),err);\,3
!=,3
tick,3
Writes,3
y-movement,3
//////////////////////////////////,3
//////////////////////////////,3
Ripple:,3
Contains,3
Detection,3
Flags,3
place,3
sonar,3
assumed,3
findApnea(),3
Level,3
\filtered,\,3
starting,3
enabled,3
bool,3
_x:,3
some,3
*_max,3
Results,3
avgFullChargeCap,3
---Awake,3
(unsigned,3
how,3
snoring,3
exist,3
unsigned,3
Size,3
Waits,3
Filtering,3
myVector::clear();,3
sign,3
p0,3
***************************************,3
---X,3
---Mixed,3
search,3
catheter,3
outliers,3
Arousal,3
factor,3
hCursor;,3
*/,3
20.0f),3
IQR,3
rawData.clear();,3
conversion,3
apnea,3
*p,3
integer,3
How,3
nothing,3
don't,3
undefined,3
origin,3
Addroundkey,3
Populate,3
Shifts,3
dB,3
\err.Format(errfmt,hr);\,3
found,3
they,3
instead,3
--i),3
criteria,3
page,3
_y:,3
),3
max4,3
---SpO2,3
setPlotRectMatrices();,3
structure,3
---Filter,3
*******---********,3
---Walk,3
Centre,3
=NULL,3
exchange,3
14,3
CEDFHeader,3
0L;,3
---Min,3
Not,3
max2,3
highest,3
zeroes!,3
condition,3
action,3
r;,3
2013,3
dataSet->getPulseRateVector()->size(),3
\done),\,3
geometry,3
assume,3
handlers,3
avg4,3
Line,3
processes,3
awake,3
\*max_element(dataSet->getPOESVector()->begin(),\,3
band,3
char,3
--------------------------------------------------------------------------------------------------------------------,3
<float>,3
Type,3
TI_aes_128.h,3
21.10.2014,3
relative,3
&,3
b(t``),3
breaths,3
*t;,3
First,3
ASSERT(dataSint);,3
setFullRectMatrices();,3
APN,3
compiler,3
old,3
AES,3
---ref,3
direction,3
you,3
decrypted,3
ULONG,3
gets,3
phys,3
\end,\,3
drops,3
converted,3
expand,3
Fill,3
t`,3
1),3
attribute,3
ClientToScreen(boundRect);,3
\max,avg;\,3
CGraphSettings,3
parent,3
Peak,3
Poles,3
hCursor,3
Each,3
deviation,3
epoch,3
order:,3
process,3
Start,3
avg1,3
\pphEnv,\,3
String,3
///////////////////////////////////,3
val;,3
1);,3
///////////////////////////////////////////////////////////////////////////,3
opens,3
*_min,3
per,3
_revtime:,3
filteredData.clear();,3
(parentWnd),3
say,3
DIFFERENT,3
amplitude,3
ClipCursor(&boundRect);,3
GetClientRect(&r);,3
mixedEventArray.GetCount();,3
ensure,3
//---Lock,3
\value,\,3
Zeros,3
elements,3
AGS,3
menu,3
Window,3
virtual,3
mp_target->CreateSolidColorBrush(D2D1::ColorF((float),3
bed,3
avg2,3
minutes,3
\access,\,3
HEX,3
went,3
\peak,\,3
b(t`),3
Implementation,3
does,3
clears,3
Rectangular,3
max1,3
pen,3
t``,3
(YshiftIsAllowed),3
sensor,3
N,3
---Score,3
Channel,3
many,3
second,3
reduction,3
(seconds),3
///////////////////////////////////////////////////////////,3
(length,3
10.0f),3
Median,3
\found,\,3
2015,3
field,3
previous,3
loop,3
\CDataSet::getMean(dataSet->getPOESVector()->begin(),dataSet->getPOESVector()->end())\,3
Factor,3
\getIsOver(),\,3
typically,3
snoringEventArray.RemoveAt(i);,3
DIR_READ,3
UINT,3
item,3
At,3
help,3
while,3
right,3
\Min,max,median\,3
parentWnd->Invalidate();,3
---Fill,3
positive,3
round,3
start),3
motion,2
(p0,2
available,2
\central,\,2
minT;,2
12,2
makeGeometry();,2
actimeter,2
thickness,2
---Wrist,2
m21,2
\Colours,\,2
--20,2
0.368946,2
extended,2
variation,2
import,2
\event,\,2
data.begin();,2
allowed,2
Make,2
12.11.14,2
painting,2
classes,2
dataSet->getAm4Vector()->size(),2
reset,2
dy,2
c(t1),2
unscaled,2
\mixed,\,2
******************************************,2
19,2
behaviors,2
offset,2
*_stdDev,2
via,2
---Y,2
*v0,2
-=,2
0.006615,2
mi;,2
Seek,2
oldSign,2
_v1->getData(dataTypeFiltered);,2
10.0f;,2
PenDown,2
\envelope,\,2
---Don't,2
30.0f;,2
boundRect;,2
nodes,2
---Do,2
@details,2
mixedEventArray.GetAt(i);,2
50.0f;,2
T1Env,2
myVector::getMaxMinAvgStdDev(vector,2
\p,pt,t,tt1,tt2,tend;\,2
frac,2
maxT;,2
amount,2
One,2
matPlotRect;,2
18.11.14,2
ratioX,2
v1->begin();,2
populate,2
---In,2
stuff,2
\*_avg,FLOAT\,2
minimum,2
_v0->getData(dataTypeFiltered);,2
\(begin0,end0,begin1,end1,....\,2
\*_max,FLOAT\,2
(cursorControlY,2
\t1,\,2
\*min_element(dataSet->getPOESVector()->begin(),\,2
auto,2
Full,2
Inverse,2
press;,2
dataSint;,2
export,2
By:,2
Covers,2
check,2
we'll,2
mAh,2
Return,2
Ratio,2
iter;,2
counting,2
nID);,2
Correction,2
v0->size(),2
200,2
---Scaling,2
cutoff,2
\dg,(float)\,2
computations,2
---Refill,2
pt,2
\_T("\Axes"\)\,2
(sampNo,2
((*tt1,2
*iter;,2
.0f),2
17,2
doc,2
*iter,2
reaction,2
Eng,2
Fore,2
whether,2
tt1;,2
_v2:,2
adjust,2
signal,2
using,2
*pt,2
\dwStyle,\,2
30.0f),2
iter1,2
calibrations,2
average;,2
\rect,\,2
markers,2
Invalid,2
(date/hours),2
Create,2
15.8.04,2
0.891600,2
---Axes,2
minT),2
*tt1,2
(tt1,2
\baseline,\,2
60.0f;,2
_keyName,2
p,2
decimals,2
Important:,2
_move:,2
_factor,2
result[],2
well,2
20.0f;,2
Common,2
minP),2
both,2
sqrtf(sqSum),2
GetReportCtrl().Populate();,2
effort,2
*_stdDev),2
Geometry,2
el2,2
fail,2
Band,2
Interface,2
method,2
13,2
Format,2
regular,2
Seconds,2
Resp,2
frac;,2
delay,2
reads,2
_v->size();,2
\Central,\,2
major,2
0.989735,2
\type,\,2
40.0f),2
\*_t,vector\,2
Distibution,2
fills,2
components,2
obstrEventArray.GetCount();,2
ma;,2
device,2
patient,2
setup,2
---Data,2
Patient,2
\displays,\,2
D3D10_FLOAT32_MAX;,2
*_avg,2
data.at(sampNum);,2
Redraw,2
\_avg,\,2
_buf:,2
View,2
AES-128,2
cmH2O,2
---Neck,2
3.0,2
y-axis),2
\a,b\,2
minAt,2
1;,2
///////////////////////////,2
optionally,2
\pressure,\,2
26.10.14,2
v1->size(),2
m_pOuterUnk,2
Followed,2
ending,2
true;,2
\error,\,2
0.005957,2
vs,2
operation,2
2.5,2
\position,\,2
IStream,2
*pt;,2
\*_v,FLOAT\,2
computes,2
---Registry,2
Version,2
---Hypopnea,2
After,2
s1,2
Pulls,2
Destructor,2
almost,2
mixcol,2
\*_p,vector\,2
dataSint),2
\first,\,2
---Title,2
tt2,2
maxAt,2
---Level,2
doesn't,2
15,2
low,2
effective,2
mousePoint,2
families,2
Refill,2
---Lift,2
\min,max,average\,2
(t,2
maxP;,2
*v1,2
////////////////////////////////////////////////////////////////////////////,2
dataSet->getPulseRateVector()->end()),2
starts,2
---My,2
//////////////////////////////////////////////////////////////////////////////////,2
_t1:,2
\_max,\,2
Rect,2
\OK,\,2
---Hypo,2
stdDev:,2
uncalibrated,2
Property,2
(physicalMax,2
tt1++;,2
Sample,2
quartile,2
physicalMin),2
*result.second;,2
listing,2
(timeOfMaxRF,2
---Position,2
09.11.14,2
_direction:,2
Recording,2
\equal,\,2
---From,2
Odd,2
Rcon,2
pLeft),2
\(raw,\,2
precompute,2
//void,2
_ttime->end()),2
lpDrawItemStruct,2
Transparency,2
dataSet->getAm2Vector()->size(),2
hypoEventArray.GetAt(i);,2
From,2
inv,2
Checks,2
curve,2
@remarks,2
(distLeft,2
need,2
admittance,2
put,2
(gi.dwFlags,2
sampNum;,2
anymore,2
////////////////////////////////////////////////////,2
///////////////////////////////////////////////////////////////////,2
\D2D1::RectF(.0f,1.0f,1.0f,.0f)\,2
range,2
header,2
\iter0,iter1;\,2
\_t,\,2
actual,2
WARNING:,2
editing,2
channelID,2
\handles,\,2
\*_v0,myVector\,2
internal,2
---Torso,2
functions,2
Note:,2
entire,2
frequency,2
dataSet->getAm3Vector()->size(),2
filteredData.push_back(diff);,2
40.0f;,2
ar,2
hypoEventArray.GetCount();,2
separate,2
_ptime->begin();,2
--40,2
way,2
Tooltip,2
\getMaxYScaleFromMeanAndMax(avg,pos\,2
rewritten!!!,2
ClipCursor(NULL);,2
t2,2
---Extend,2
(cursorControl),2
m31,2
_evnt,2
dx,2
\not,\,2
dataSet->getRespFrqVector()->size(),2
\pwszLocalName,\,2
neg);,2
//if,2
contains,2
\ok,\,2
s2,2
IDs,2
tend--;,2
writing,2
view:,2
example,2
dataType,2
work,2
0.912349,2
Analysis,2
side,2
also,2
Converts,2
*pt),2
fix,2
HCURSOR,2
50.0f),2
according,2
format,2
placed,2
fabs(max);,2
<=,2
distRight,2
Cannot,2
saying,2
distRight);,2
_outerTimeout,2
says,2
_p->begin();,2
swap,2
0.383203,2
iter0++),2
times,2
---Snoring,2
_percentLimit,2
early,2
pRight,2
Space,2
t++;,2
Cannula,2
iter0,2
_size:,2
reserve,2
_val),2
Default,2
(detected),2
*iter0,2
&sec;,2
m32,2
cases,2
application,2
service,2
//---Exclude,2
-1,2
90%,2
Detects,2
*_v1),2
a(t2),2
v1->end(),2
Origin,2
*iter1;,2
shrinking,2
target,2
\this,\,2
replaced,2
(t0,2
ahead,2
25.11.14,2
accumulated,2
(p1,2
2011-2014,2
Names,2
CRGLLayer,2
/////////////////////////////////////////////////////////////////////////////////////////,2
*_ttime),2
//////////////////////////////////////////,2
envelope,2
access,2
just,2
Temp,2
_v1),2
std::minmax_element,2
tested,2
////////////////////////////////////////////////////////////,2
(with,2
iter1++;,2
180,2
hardcoded,2
////////////////////////////////////////////////////////////////////////////////////,2
\reading,\,2
Press,2
swapped,2
*result.first;,2
Date:,2
dataSet->getAm1Vector()->size(),2
included,2
digital,2
(mp_target),2
outliers:,2
needs,2
\_T("\Graph"\)\,2
OES,2
v0->begin(),2
18,2
can't,2
determine,2
---Curve,2
bit,2
\CGraphButton::Create(lpszCaption,\,2
};,2
WCHAR,2
2013-2014,2
\missing,\,2
mix,2
tiled,2
tt1,2
know,2
tend,2
0.932479,2
inverse,2
maxT),2
60.0f),2
maxP),2
_type,2
I,2
Mean,2
_ttime->begin();,2
(.0f,2
_t->end();,2
t,2
---Original,2
\_min,\,2
moment,2
minP;,2
sec.push_back(*tt1);,2
mutex),2
\%s\n"\,\,2
t0,2
---doLevelAnalysis();,2
TI_OPT_AES_H_,2
0.25,2
---Compute,2
Control,2
signed,2
matrix,2
Stops,2
m22,2
Sum,2
obstrEventArray.GetAt(i);,2
--10,2
zoom,2
(iter0,2
logging,2
Set,2
\pParentWnd,\,2
expanded,2
//////////////////////////////////////////////////,2
present,2
late,2
\pos,\,2
_t->begin();,2
breathing,2
\Transparency,\,2
_timeout:,2
(t1,2
mic,2
*INN******,2
//////////////////////////////////////////////////////,2
NB,2
_centre,2
--5,2
iterator,2
percent,2
ratioY,2
Typical,2
min;,2
b,2
public:,2
over,2
allow,2
_out,2
m11,2
protected:,2
m12,2
p++;,2
Parameters,2
\selection,\,2
_v1:,2
\"\Checked"\\,2
Opens,2
apply,2
_t->end())),2
Even,2
(pRight,2
v0->end(),2
Starts,2
disappear,2
reader,2
messages,2
--Encrypted,2
eP;,2
(cursorControlX,2
\dr,(float)\,2
beginZoom,2
\*_ptime,vector\,2
Help,2
errfmt.LoadString(IDS_ERROR_XML_CREATE_WRITER);,2
POES,2
width,2
---Catheter,2
CEDFHeader2,2
Length,2
galois,2
takes,2
numA,2
_type:,2
fabs(min);,2
Inv,2
upright,2
Label,2
vector:,2
plotRectScale,2
*tt1;,2
_ports,2
invalid,2
there,2
describes,2
_t2:,2
Valid,2
_render:,2
*******************************,2
wants,2
GRAY,1
PUB,1
offset),1
\57,\,1
minX;,1
filters,1
\0.100,DC_NOT_INCL,BLACKMAN,len\,1
---Require,1
cycles,1
\reg.WriteProfileDouble(regSectionCriteria,regActimeterRelativeAwakeLimit,&d);\,1
detectionCriteria.spO2DropSeekWindowLength;,1
_disposition,1
(used,1
eLastName,1
decreasing,1
CommonResource.h,1
cahnnel,1
back),1
\_stop,FLOAT\,1
arusals,1
(sum,1
ID1,1
retiurn,1
stopped,1
plotRectScale.bottom,1
(press,1
min);,1
any,1
0.092164,1
SaO2,1
\reg.WriteProfileDouble(regSectionCriteria,regLinRegRSquaredLimit,&d);\,1
((oldSign),1
\TRACE(L"\Text:\,1
*********************************,1
enums,1
_value,1
---Make,1
IUnknown,1
FAMILY_TEMP_PRESS,1
\clicked,\,1
2.0f;,1
autorange,1
accepted,1
vertical,1
ID_SpO2,1
\CDataSet::getMean(dataSet->getAm2Vector()->begin(),dataSet->getAm2Vector()->end())\,1
releasing,1
skipped,1
_ch:,1
detectionCriteria,1
3011,1
sizes,1
(if,1
*_t:,1
--75,1
Calibrations,1
status,1
6.x.x,1
\attribute,\,1
later,1
16.2.05,1
interface,1
last;,1
*dTransformedGeometryAll;,1
CGraphBtnChannel),1
\1,point.y);\,1
Total,1
contact,1
bipolar,1
\reg.WriteProfileDouble(regSectionCriteria,regApneaDefaultDuration,&d);\,1
//---All,1
axes,1
*************************************,1
invisible,1
interpolate,1
ORANGE,1
\reg.WriteProfileDouble(regSectionCriteria,regLevelDetectionMargin,&d);\,1
\reg.WriteProfileDouble(regSectionCriteria,regAdmittancePeakFactor,&d);\,1
);,1
deleted,1
program,1
detectionCriteria.pulseRatePeakWindowLength;,1
CSpO2DropEvents,1
(versions,1
CPatient,1
non-virtual,1
Graphic,1
\el1,el2;\,1
methiod,1
(for,1
---Shift,1
&envPosSec;,1
leftPoint.y,1
\Obstr,\,1
Pages,1
<-,1
point.y,1
&envNegSec;,1
P0,1
20%,1
\obstr,\,1
*AdmittanceVector::getTimeData(void),1
Patient.cpp,1
02.02.15,1
directly,1
definition,1
y-value,1
firmware,1
Mouse,1
intrerval,1
semaphores,1
---Results,1
******************************************************,1
\dlg.setCol(br,bg,bb);\,1
category,1
mixcolumn,1
Frequencies:,1
\dtransparency,(float)\,1
had,1
cursorControlX:*/,1
growing,1
importing,1
\TRACE(L"\CDATA:\,1
_f,1
_limit,1
!---LP,1
//OscVector::~OscVector(),1
(forwards,1
_sint:,1
Reset,1
defect,1
fullRectScale,1
*_max);bUse,1
/*switch,1
\(_v->begin(),_v->end());\,1
---Patient,1
********************************,1
*lP,1
index,1
cursorControlY,1
myVector::getDataSint(void),1
((int),1
awakeEventArray.GetCount();,1
WM_GESTURE:,1
Second(s),1
filtered->,1
(pItemNotify->pColumn->GetItemIndex(),1
draw,1
GF_BEGIN),1
\reg.WriteProfileDouble(regSectionCriteria,regArousalDetectionTimeStep,&d);\,1
tag,1
\distRight,distLeft,pLeft,pRight,temp,frac,press;\,1
periods,1
frq,1
Pre,1
shiftYAxis(move);,1
Tick,1
plotRectScale.left,1
Decsription:,1
even,1
windows,1
(no,1
---Top,1
\registry,\,1
twice,1
*dTransformedGeometry2sec;,1
oesophagus,1
\min,\,1
egde,1
*INN****std::minmax();,1
\,\,1
---Context,1
myVector::process(void),1
dataset,1
Knowing,1
(this,1
ID_IMPEDANCE,1
ram),1
////////////////////////////////,1
allocates,1
fv2,1
care,1
regularity,1
Y[-,1
layers.GetCount();,1
0x80000000;,1
//ClipCursor(&boundRect);,1
---Neg,1
X,1
char[],1
Labels,1
myVector::clear(void),1
kPa,1
\RectD2D1::RectF(15.0f,90.0f,90.0f,15.0f)\,1
rules,1
basis,1
MUTEX,1
-0.474480,1
_removeSwallow:,1
resource,1
CRGLGraph::trackYShift(CPoint,1
\gb,(float)\,1
(_stop,1
\CDataSet::getMean(dataSet->getAm3Vector()->begin(),dataSet->getAm3Vector()->end())\,1
\reg.WriteProfileDouble(regSectionCriteria,regSpO2DropSeekWindowStart,&d);\,1
margin),1
\timeVector,\,1
show,1
detectionCriteria.extendedWindowForExclusionOfAwake;,1
commit,1
filtered,1
Preceding,1
requested,1
-0.875679,1
(sign)),1
samples),1
--Object,1
byte,1
render();,1
\Goodman,\,1
4100,1
!*--HPFilter,1
detectionCriteria.respFrqPeakFactor;,1
move;,1
AG200_Patient.h,1
\dlg.getPar(&tr,&tg,&tb,&ttransparency);\,1
Lowest,1
iterators,1
(central,1
\(getCollisionWithAwake(eP->getFrom(),eP->getTo()))\,1
2;,1
//---Trigger,1
CGraphParDlg,1
their,1
/////////////////////////////////////////////////////////////////////////////,1
&rawData;,1
UDP,1
*****************************************************,1
sort,1
\hypoMenu.AppendMenu(MF_STRING,ID_DEF_UNDEFTYPEHYPOPNEA,s);\,1
{{AFX_INSERT_LOCATION}},1
pp,1
Brett,1
CURS_MOVE;,1
pass,1
D2D1_RECT_F,1
Changes,1
---Positions,1
doAwakeAnalysis(),1
\boundary,\,1
sorted,1
\reg.WriteProfileDouble(regSectionCriteria,regAdmittancePeakWindowLength,&d);\,1
400,1
derivative->,1
\tg,(float)\,1
\CString,\,1
Pick,1
dataTypeFiltered,1
IO,1
\*max_element(dataSet->getAm2Vector()->begin(),\,1
_press:,1
-0.417102,1
getStart,1
Requires,1
Class,1
another,1
detectionCriteria.arousalDetectionTimeStep;,1
Registry,1
///////////////////////////////////////////,1
\reg.WriteProfileDouble(regSectionCriteria,regPulseRatePeakFactor,&d);\,1
x-movement,1
reasonable,1
---2,1
envelope->,1
~CSpiroRightCursor();,1
---Convolve,1
//OscVector::OscVector(),1
our,1
\dlg.setParXY(gthickness,gtransparency,gr,gg,gb);\,1
record,1
avgRemainingCap,1
\(getCollisionWithPrePostBedtime(eP->getFrom(),eP->getTo()))\,1
kept,1
HypoO,1
maxAt),1
&envPos;,1
total,1
//---1,1
\dlg.setPar(tr,tg,tb,ttransparency);\,1
groups,1
\reg.WriteProfileDouble(regSectionCriteria,regPulseRatePeakWindowLength,&d);\,1
degC,1
generateLabel,1
_width:,1
dataVector->size()),1
dump,1
identify,1
falkse,1
Status,1
\transform(_v->begin(),_v->end(),_v->begin(),Add\,1
500,1
ID_T1:,1
deleted),1
//---Start,1
0.291412,1
----Resources,1
**********************************,1
COLUMN_CHECK),1
awakeEventArray.GetAt(i);,1
You,1
allocating,1
vars,1
2x,1
records,1
ACQ,1
(s1,1
acq,1
arousalEventArray.GetCount();,1
r.right),1
\reg.WriteProfileDouble(regSectionCriteria,regtimeInBedLowLimit,&d);\,1
*OscVector::getPeakToPeak(void),1
*dGeometry2sec;,1
revisited,1
\atransparency),&m_brush);\,1
additional,1
Mem,1
Temperature,1
\_v,\,1
(C),1
extra,1
40,1
PPH,1
---Would,1
lParam);,1
ID),1
centralEventArray.GetCount();,1
odd,1
-0.868105,1
advancing,1
CodeProject.com,1
!defined(AFX_PATIENT_H__0EC37462_0BF4_11D4_A132_00A0C9090ABE__INCLUDED_),1
dlg.setParX(xTick);,1
26.9.14,1
BYTE,1
_rightLimit:,1
tact,1
Calls,1
---Render,1
\dlg.getParY(&mi,&ma,&yTick,&yLabelInterval,&yLabelDecimals,&upperX);\,1
(myTile),1
cover,1
max1;,1
---Pick,1
MIXindex,1
penDown,1
OBSTRindex,1
\dtransparency),&m_brush);\,1
getXLimits(FLOAT,1
\dlg.setParY(plotRectScale.bottom,plotRectScale.top,yTick,yLabelInterval,yLabelDecimals,upperX);\,1
\reg.WriteProfileDouble(regSectionCriteria,regSpO2stabilityLimit,&d);\,1
Stream.cpp,1
storage,1
input),1
\"\\,1
---Hanning,1
//ClientToScreen(boundRect);,1
(1/2),1
sampNum,1
\::PostMessage(GetParent()->m_hWnd,messMoveY,GetDlgCtrlID(),0L);\,1
dlg.setParameters((float),1
\boundRect.SetRect(r.left,point.y,half\,1
air,1
2D,1
\handled,\,1
(getIsStable),1
Constructed,1
---Tile,1
wait,1
dataSet->getAm2Vector()->end()),1
_stop,1
.25,1
****************************************************************************************,1
EXCEPTION:,1
detectionCriteria.pulseRatePeakFactor;,1
\distRight,distLeft,pLeft,pRight,frac;\,1
means,1
&envNeg;,1
(size,1
ID_CONTACT_SOUND,1
27.01.15,1
::SetCursor(AfxGetApp()->LoadStandardCursor(IDC_HAND));,1
\CDataSet::getMean(dataSet->getAm1Vector()->begin(),dataSet->getAm1Vector()->end())\,1
medians,1
_b:,1
compares,1
Tracks,1
Q3,1
---Analysis,1
0.875679,1
--7500,1
Put,1
((_start,1
---Sum,1
---Engineering,1
Y,1
------Detection,1
---If,1
doing,1
Useful,1
\reg.WriteProfileDouble(regSectionCriteria,regExtendedWindowForExclusionOfAwake,&d);\,1
C++,1
type;,1
_add,1
drops),1
alive,1
---XML,1
comName;,1
----Hypopnea,1
CHypoEvnt,1
adds,1
Fine,1
---LP,1
_end:,1
ignored,1
moving,1
myVector::getChannelID(void),1
memMappedFiles.cpp,1
_pt);,1
compensate,1
bResult,1
Lower,1
colliding,1
wheel,1
eP,1
detectionCriteria.maxApneaDur;,1
_s:,1
Copies,1
---Space,1
stops,1
desired,1
c,1
\setLabelDecimals(xLabelDecimals,yLabelDecimals);\,1
Shown,1
backwards),1
AHI,1
Highest,1
-0.062189,1
Rsquared,1
Semaphore,1
disabled,1
wrong,1
subtracted,1
closest,1
START,1
dtransparency,1
\tr,(float)\,1
(negative,1
GetGestureInfo((HGESTUREINFO),1
column,1
Fc2,1
dlg.getParX(&xTick);,1
--3000,1
\MinY,maxY,\,1
_origin:,1
o2Avg8,1
\previous,\,1
\data,\,1
d(t2),1
s2),1
lP->launchParameterDialog();,1
dthickness,1
_v->push_back(.0f);,1
*_max),1
\!ok,\,1
/////////////////////////////////,1
taps/2,1
---Levels,1
peakToPeakSec.push_back((minAt,1
rawData.push_back(_val);,1
/////////////////////////////////////////////////////////////////////////,1
given,1
\*max_element(dataSet->getAm4Vector()->begin(),\,1
detectionCriteria.apneaDefaultDuration;,1
moved,1
LOW_TEMP,1
section,1
(pReader->IsEmptyElement(),1
EDF,1
x-,1
_a:,1
wParam,1
\(getCollisionWithExcluded(eP->getFrom(),eP->getTo()))\,1
*************************************************************************,1
??,1
a5;,1
resulted,1
detectionCriteria.snoringAverageWindowLength;,1
steps,1
Messages,1
envPosSec.push_back(.0f);,1
Old,1
trackYShift(CPoint,1
TI_aes_128.c,1
implemented,1
sampl,1
\up,\,1
fixed,1
end),1
////---Lock,1
envNegSec.push_back(sampNum,1
timeout,1
Given,1
CENTRALIndex,1
allocate,1
debugging,1
appears,1
alternate,1
Resets,1
---Misc,1
\sign,oldSign;\,1
BLUE,1
envNeg.push_back(min);,1
a1;,1
_top:,1
\here,\,1
\ar,(float)\,1
\BYTE,\,1
simply,1
\events,\,1
conversions,1
CSpiroRightCursor::CSpiroRightCursor(),1
dlgRet),1
\dlg.setParXY(athickness,atransparency,ar,ag,ab);\,1
\minimum,\,1
\transparency,\,1
(the,1
timeVector,1
CSpiroLeftCursor::~CSpiroLeftCursor(),1
(temp,1
along,1
sleeps,1
ID_EEG,1
\CXTButton::OnSetCursor(pWnd,\,1
Patient.h,1
\text,\,1
SpO2),1
\D2D1::Point2F(plotRectScale.left,plotRectScale.top);\,1
serialize,1
(,1
ID_RB_THORACIC,1
CMixedEvnt,1
edited,1
\reg.WriteProfileDouble(regSectionCriteria,regRespFrqPeakFactor,&d);\,1
\ZeroMemory(&gi,\,1
envPos.push_back(max);,1
ImpedanceVector::makeImpedance(vector,1
Either,1
\reg.WriteProfileDouble(regSectionCriteria,regApneaShortObstrDuration,&d);\,1
doRERAandArousalAnalysis(),1
rounds,1
\*min_element(dataSet->getSpO2Vector()->begin(),\,1
used),1
****************************************************************************************************************,1
peakToPeakSec.clear();,1
_start,1
Byte,1
CSpiroLeftCursor();,1
maxRemainingTime,1
0.062189,1
data.size();,1
dataSet->getAm1Vector()->end()),1
_right:,1
CXTButton::OnPaint(),1
dataSet->getRespFrqVector()->end()),1
\normally,\,1
_atTime,1
PulseOxProtocoll,1
Saturation,1
Undefined,1
Writers,1
maxY,1
tile,1
custom,1
third,1
//---Equal,1
(s2,1
hr);,1
EDFHeader.cpp,1
---Channel,1
a3;,1
interpolated,1
a2;,1
\analysis,\,1
regression,1
//---RERA,1
(odd:,1
yet,1
digitalMin),1
ReadWriteAGSData.cpp,1
detectionCriteria.levelDetectionMargin;,1
true),1
_posDerivative,1
detectionCriteria.flowStopFraction;,1
/////////////////////////////////////////////,1
\dlg.getParXY(&athickness,&atransparency,&ar,&ag,&ab);\,1
ON_WM_NCHITTEST(),1
\CDataSet::getMean(dataSet->getAm4Vector()->begin(),dataSet->getAm4Vector()->end())\,1
Plots,1
resp,1
---Study,1
---No,1
\D2D1::RectF(p0.x,p0.y,p1.x,p1.y);\,1
stdDev,1
adjusted,1
_bottom:,1
--Check,1
Variables,1
GID_ZOOM),1
\reg.WriteProfileDouble(regSectionCriteria,regMaxHypopneaDuration,&d);\,1
Value,1
<from>-<to>,1
Snoring,1
Colour,1
Channels,1
//Here,1
*OscVector::getEnvNeg(void),1
envPosSec.clear();,1
As,1
Slope,1
*ImpedanceVector::getTimeData(void),1
myVector::makeDifference(myVector,1
\ag,(float)\,1
manipulated,1
\reg.WriteProfileDouble(regSectionCriteria,regFlowStopFraction,&d);\,1
---Directions,1
Stuff,1
30%,1
desaturations,1
data.end(,1
ulNewPos,1
location,1
parameter,1
Mutex,1
\0.010,DC_NOT_INCL,HANNING,len\,1
\TRACE(L"\DOCTYPE\,1
Back,1
Direct2D,1
centralEventArray.GetAt(i);,1
CDataSet::getXLimits(FLOAT,1
---Add,1
\colour,\,1
Show,1
_flow:,1
x-axis,1
_remove:,1
0),1
\Layer"\)\,1
hour,1
eMiddleName,1
head,1
Array,1
panel,1
autorange),1
(point.x,1
\reg.WriteProfileDouble(regSectionCriteria,regT1EnvPercentStabilityLimit,&d);\,1
detectionCriteria.spO2DropSeekWindowStart;,1
\_start,FLOAT\,1
\BEGIN_MESSAGE_MAP(CGraphBtnBelt,\,1
forward,1
plotRectScaled.left;,1
coming,1
TORSO,1
PPHEnv,1
AdmittanceVector::clear(void),1
oesphagus,1
created.<P>,1
\*max_element(dataSet->getPulseRateVector()->begin(),\,1
\provided,\,1
since,1
myVector::push_backFiltered(FLOAT,1
\D2D1::RectF(.0f,100.0f,100.0f,.0f)\,1
block,1
existence,1
--First,1
(ratio),1
Should,1
Average,1
-0.291412,1
db,1
refers,1
Convert,1
formatted,1
---Smiths,1
property,1
_v->size());,1
IFF,1
---Pos,1
OCX,1
gi;,1
--NONIN,1
(and,1
detected,1
_createParentKeys,1
CObstrEvnt,1
half,1
*el2,1
---SensorTechnics,1
convolution,1
ReadWriteAGSData.h,1
FAMILY_PRESS_TEMP,1
immediately,1
accoring,1
April,1
iMatPlotRect;,1
detectionCriteria.admittancePeakWindowLength;,1
(ID_GRAPH_CONTEXT_MENU),1
hysteresis,1
temp;,1
hh:mm:ss.d,1
//--Using,1
layers.GetAt(i);,1
detectionCriteria.actimeterRelativeAwakeLimit;,1
_ds),1
\satisfied,\,1
Cursor,1
mapping,1
75%,1
obstr,1
layers,1
\dlg.getParameters(&a1,&a2,&a3,&a4,&a5);\,1
here..,1
commandMMFiles,1
11--*/,1
2.0f);,1
---Correct,1
\reg.WriteProfileDouble(regSectionCriteria,regRespEffortFrqPeakWindowLength,&d);\,1
////////////////////////////////////////////////////////////////////,1
(!bCheckBoxClicked)in,1
inheriting,1
\dlg.setParX(plotRectScale.left,plotRectScale.right,xTick,xLabelInterval,xLabelDecimals,rightY);\,1
*el1;,1
currentCursor,1
we're,1
\CDataSet::getMean(dataSet->getPulseRateVector()->begin(),dataSet->getPulseRateVector()->end())\,1
Category,1
optimized,1
\generation),\,1
\unexpected,\,1
warn,1
info,1
N/2]),1
exporting,1
row,1
Fc1,1
Baseline,1
670,1
Usually,1
aFloasMission,1
declarations,1
\TRACE(L"\Attr:\,1
Provides,1
_stop:,1
_v->pop_back();,1
gradient,1
//---Clamp,1
ID_T0PLUST1,1
Undef,1
---Actimeter,1
D2D1::ColorF((float),1
visual,1
0;,1
peak-to-peak,1
\dlg.getCol(&br,&bg,&bb);\,1
\CDataSet::getMean(dataSet->getRespFrqVector()->begin(),dataSet->getRespFrqVector()->end())\,1
processed,1
viewing,1
fntSize,1
---Use,1
\vectors,\,1
completely,1
\amplitude,\,1
dthickness);,1
value),1
_timev:,1
\reg.WriteProfileDouble(regSectionCriteria,regPressureDeadFraction,&d);\,1
detectionCriteria.pressureEnvPercentStabilityLimit;,1
adding,1
inter,1
---Values,1
_pt),1
arousal,1
_fileName:,1
\1,_v->begin(),Difference\,1
visible,1
respond,1
*dGeometry05sec;,1
_commmand:,1
grid,1
id)),1
*********************************************,1
ID_BPos,1
//---Excluded,1
Min,1
\reg.WriteProfileDouble(regSectionCriteria,regMaxApneaDur,&d);\,1
overlapping,1
2011-2012,1
\reg.WriteProfileDouble(regSectionCriteria,regSnoringAverageWindowLength,&d);\,1
occurred,1
opened,1
_centre:,1
(mm));,1
\>%s<\n"\,\,1
ReportControl,1
hits,1
Checked,1
myVector::push_backRaw(FLOAT,1
Lots,1
HYPOindex,1
fallsHisto[],1
D2Graph.h,1
\60,\,1
maxX;,1
if(,1
*t);,1
\reg.WriteProfileDouble(regSectionCriteria,regContactMicSnoringThreshold,&d);\,1
_pt.y);,1
envPosSec.push_back(sampNum,1
NativeWinXP);,1
plotRectScale.right,1
subtract,1
sections,1
multiplies,1
\reg.WriteProfileDouble(regSectionCriteria,regPOESalarmLine,&d);\,1
---PenDown,1
\mi,ma;\,1
myVector::makeDerivative(vector,1
(!dir),1
---Events,1
greater,1
Decodes,1
QueryInterface,1
0.417102,1
rera,1
\open,\,1
*dGeometryAll;,1
Can,1
myTile->setPlotRectScale(plotRectScale);,1
free,1
\boundRect.SetRect(point.x,r.top,point.x,r.bottom);\,1
CoMemTaskAlloc,1
---Envelopes,1
_valName,1
Standard,1
because,1
derivative.clear();,1
eventCopyArray.Add((CEvnt,1
delete(eP);,1
Formatted,1
complete,1
--------------------------------------------------,1
ISequentialStream,1
minRemainingCap,1
matPlotRect._11;,1
Descriptions:,1
\_T("\Graph\,1
(POES-PPH),1
signals,1
envelopes,1
_typeFlag),1
FIPS,1
\(size,\,1
sint);,1
ID_P0_P1,1
_MSC_VER,1
versions,1
\button"\)\,1
fill-ins,1
divided,1
\yes,\,1
read/written,1
***************************,1
---Histo,1
stanble,1
GREEN,1
\dlg.getParXY(&gthickness,&gtransparency,&gr,&gg,&gb);\,1
Compares,1
pEngUnit.y,1
_evnt:,1
detectionCriteria.timeInBedLowLimit;,1
//MD,1
(creates,1
\evCommonHypo,\,1
resolution,1
fileName;,1
\reg.WriteProfileDouble(regSectionCriteria,regApneaShortCentralDuration,&d);\,1
Outer,1
CRGLTile,1
True,1
focus,1
appended,1
\%08.8lx\n"\,\,1
sizeof(GESTUREINFO);,1
---Generate,1
Included,1
\start,\,1
return;*/,1
board,1
Because,1
writers,1
anonymous,1
*OscVector::getEnvPos(void),1
specified,1
cursorControlX,1
necessary!,1
_f:,1
ID_ARM,1
Conversion:,1
---Clean,1
\dlg.getParX(&mi,&ma,&xTick,&xLabelInterval,&xLabelDecimals,&rightY);\,1
n,1
detectionCriteria.spO2stabilityLimit;,1
\hypopnea,\,1
Upper,1
uniploar,1
//---0.5,1
GRAPH_SETTINGS,1
---Clear,1
---Drop,1
curves,1
_id;,1
(based,1
Microsoft,1
prameters,1
id,1
sampNum++;,1
\gg,(float)\,1
());,1
technique,1
take,1
makeDerivative(&derivative);,1
channels,1
bug,1
debug,1
sleep,1
(www.eztools-software.com),1
slower,1
Direction:,1
apneic,1
(_typeFlag),1
peakToPeak.push_back(.0f);,1
Combining,1
supine,1
100.0f,1
(must,1
ES,1
Serialize,1
\dlg(_T("\Background\,1
b(t2),1
Sequence:,1
(channelID),1
v,1
\median,\,1
separated,1
dataSet->getSpO2Vector()->end()),1
unless,1
////////////////////////////////////////////////////////////////////////////////////////////////,1
called,1
pick,1
want,1
2011-2013,1
\a1,a2,a3,a4,a5;\,1
Company,1
\TRACE(L"\Error\,1
(gi.dwID,1
/////////////////////,1
(or,1
While,1
-->,1
App,1
far,1
multiples,1
point;,1
person,1
_ppTime:,1
\gr,(float)\,1
\stream,\,1
keeps,1
setting,1
creation,1
Intercept,1
_numY,1
---Oximeter,1
0.9],1
(true),1
Pressure,1
!,1
filled,1
\tb,\,1
applicable,1
\printed\n"\);\,1
\shift,\,1
\*max_element(dataSet->getRespFrqVector()->begin(),\,1
We,1
see,1
LOW_PRESS,1
automatic,1
length),1
(!layerToEdit),1
(fewer,1
---To,1
preceding,1
EzTools,1
---Reset,1
Accept,1
minimally,1
sampled,1
(false),1
Signal,1
crazy,1
uncommit,1
\gtransparency),&m_brush);\,1
sizeof(GESTUREINFO));,1
el1,1
detectionCriteria.respiratoryEffortFrqPeakWindowLength;,1
\exsts,\,1
oxygen,1
Outside,1
TI_aes_128_encr_only.h,1
_v->at(i);,1
\TRACE(L"\Comment:\,1
Push,1
Stop,1
initial,1
ullNewSize),1
acessing,1
\Filled"\)\,1
--50,1
dataSet->getAm3Vector()->end()),1
\evUndefHypo,\,1
sent,1
---5000,1
myVector::makeSum(myVector,1
ReadAG200Data.cpp,1
boundRect.SetRect(half,1
AdmittanceVector::AdmittanceVector(),1
resizing,1
///////////////////////////////////////////////////////////////////////,1
detectionCriteria.t1EnvPercentStabilityLimit;,1
(m_ullSize,1
Simple,1
checkbox,1
open,1
pharynx,1
Mixed,1
eqSampleGraph,1
Multi,1
ReadAG200Data.h,1
AdmittanceVector::makeAdmittance(vector,1
setNameAndDirection(),1
(Y[N/2],1
---Cursor,1
Keeps,1
04.09.06,1
let,1
outside:,1
filename,1
---Change,1
\TRACE(_T("\%s\n"\),warn);\,1
el1++;,1
gi.cbSize,1
dg,1
\value:%s\n"\,\,1
formats,1
*INN*****,1
(i,1
edges,1
Visual,1
Search,1
resources,1
ID_T0:,1
context,1
dataSet->getAm4Vector()->end()),1
_maxLen:,1
\_T("\Untitled\,1
Pushes,1
reptresenting,1
larger,1
maxRemainingCap,1
ID_NONE:,1
_max,1
half),1
---Default,1
\boundRect(point.x,r.top,point.x,r.bottom);\,1
15.9.2013-2015,1
(flash,1
\NULL,\,1
\_T("\Bar"\)\,1
battery,1
---Avoid,1
state,1
earlier),1
dataSet->getSpO2Vector()->size(),1
enf,1
structures,1
--1000,1
information,1
\magnitude,\,1
Y[(N-1)/2],1
baselineVector,1
ID_LEG_LEFT,1
s2;,1
errfmt.LoadString(IDS_ERROR_XML_SETTING_OUTPUT_FOR_WRITER);,1
\1,r.right,point.y\,1
Closes,1
AES-256,1
---Empty,1
tells,1
---See,1
**************************,1
positive(!),1
}*/,1
ID_MENUPOPUP_L1;,1
END_MESSAGE_MAP(),1
_pt:,1
ID_P0,1
mixed,1
(AES-192,1
2009,1
minRemainingTime,1
dlg.getParY(&yTick);,1
CTextsPar,1
\mean,\,1
\lParam,&gi);\,1
layer,1
\sort,\,1
\axes,\,1
hor,1
CAboutDlg,1
Hanning,1
becomes,1
---Upright,1
arousalEventArray.GetAt(ii);,1
LP,1
\dlg.setTexts(xTxt.txt,yTxt.txt,title.txt);\,1
\*min_element(dataSet->getPulseRateVector()->begin(),\,1
--750,1
\"\AfileName"\\,1
\95-100,90-95,85-90,80-85,75-80,70-75,65-70,<65\,1
*OscVector::getPeakToPeakSec(void),1
Unchecked,1
_v->size(),1
avoid,1
\snoring,\,1
view,1
frame,1
(message),1
Near,1
\ID1,\,1
linear,1
\transform(_v->begin(),_v->end(),_v->begin(),Multiply\,1
---AG200,1
\point,\,1
1000,1
CSpiroRightCursor::~CSpiroRightCursor(),1
Virtual,1
\db,(float)\,1
test,1
Id,1
respectively,1
Begin:,1
---Save,1
*OscVector::getEnvNegSec(void),1
editedDetectionCriteria,1
0.2,1
REG_OPENED_EXISTING_KEY\:<P>,1
clicking,1
_left:,1
decommit,1
derviate,1
***********************************************************,1
lvlResults.num[evCommonHypo][lv];,1
detectionCriteria.pressureDeadFraction;,1
HypoC,1
ID_P1:,1
interpret,1
//---Awake,1
Split,1
About,1
render,1
bed-time,1
****************************,1
pEngUnit,1
---Space---,1
mode,1
Take,1
---Zero,1
envNegSec.push_back(.0f);,1
subkeys,1
&peakToPeak;,1
queried,1
power,1
comment,1
plotRectScale.top,1
2),1
this;,1
13.6.05,1
official,1
---Count,1
epochs,1
--0.5,1
_par:,1
//////////////////////////////////////////////////////////,1
bigger,1
calls,1
(future),1
minute,1
CSpiroLeftCursor::CSpiroLeftCursor(),1
*0.9,1
GF_END),1
sampNo,1
converts,1
---Manual,1
swallow,1
---Arousals,1
(r.left,1
saved,1
RDI,1
\ttransparency),&m_brush);\,1
---Timer,1
channelID;,1
depending,1
_output:,1
Second,1
\family,\,1
positions,1
\coefficients,\,1
Empty,1
which,1
resetStack(&stackAddedEvents),1
PH,1
\Filter,\,1
_press),1
include,1
15.5.05,1
collide,1
exits,1
raw->,1
viewer,1
mp_target->CreateSolidColorBrush(,1
supported,1
_out:,1
flow),1
\reg.WriteProfileDouble(regSectionCriteria,regActimeterAlwaysAwakeLimit,&d);\,1
envPos.push_back(data.at(0));,1
\*max_element(dataSet->getAm1Vector()->begin(),\,1
(maxTime,1
\key,\,1
Removes,1
sttimg,1
undersampling),1
definitions,1
closed,1
anyway,1
password,1
(pEngUnit.x,1
ImpedanceVector::~ImpedanceVector(),1
unsupported,1
dr,1
0.115854,1
Cuts,1
detectionCriteria.apneaShortCentralDuration;,1
(not,1
*dTransformedGeometry05sec;,1
m_target,1
_baseline,1
\reg.WriteProfileDouble(regSectionCriteria,regBaselineLength,&d);\,1
increase,1
colour,1
\1,_v->begin()\,1
\\n"\,\,1
~CSpiroLeftCursor();,1
////////////////////////////////////////////////////////////////////////,1
Far,1
envNeg.clear();,1
satisfied,1
myTile->moveVert(move);,1
GraphSettings.cpp,1
\colour"\));\,1
iqr,1
decrement,1
(physical,1
detectionCriteria.baselineLength;,1
filteredData;,1
\_pt.x,(FLOAT)\,1
myVector::setDataSint(FLOAT,1
GESTUREINFO,1
\_T("\Background"\)\,1
OscVector::clear(void),1
ImpedanceVector::ImpedanceVector(),1
foreward,1
\empty,\,1
envNeg.push_back(data.at(0));,1
avgRemainingTime,1
\raw,\,1
(!sign)),1
warn;,1
\db,\,1
memMappedFiles.h,1
Envelopes,1
ID_NONE;,1
---Zoom,1
minMaxY,1
minTime),1
marking,1
dataTypeRaw,1
error,1
ranges,1
HKEY_CURRENT_USER/Software,1
Ver,1
AHindex,1
_tval,1
did,1
/////////////////////////////////////////////////////////////////////////////////////,1
eventTypeAxis,1
51--*/,1
overlap,1
somewhere,1
CData,1
mm,1
---Without,1
-0.092164,1
/////////////////////////////////////////,1
static,1
1.0f,1
95%,1
((!oldSign),1
remove,1
maxuimum,1
s.LoadString(IDS_UNDEF_TYPE);,1
\NO_FLAG,\,1
&filteredData;,1
back,1
peak-to-peak->,1
implements,1
//CRect,1
envPos.clear();,1
Event,1
\(HKEY),\,1
**************************************,1
Let,1
Else,1
*dTransformedGeometry1sec;,1
filteredData.push_back(_val);,1
////////////////////////////////////////////////////////////////////////////////////////,1
(PRODUCT_NAME),1
---Units,1
Instruction,1
\integers,\,1
nav,1
click,1
ticks,1
---Labels,1
_rSquared:,1
leftPoint.y;,1
Report),1
Later,1
physical,1
---Frame,1
Q1,1
initialization,1
moves,1
ID_LEG_RIGHT,1
CGridPar,1
arousalEventArray.RemoveAt(ii);,1
easier,1
standardDeviation,1
avoids,1
keep,1
inequalities,1
\_T("\Texts"\)\,1
---Number,1
n*16,1
CSpiroRightCursor();,1
autostart,1
ImpedanceVector::clear(void),1
(inner,1
---Flags,1
(char,1
Added,1
Hypopnea,1
CEvents::doLevelAnalysis(void),1
\1,point.y\,1
[size(),1
D2D1::Point2F((FLOAT),1
graphics,1
&peakToPeakSec;,1
ID_AIRB_SOUND,1
actimetry,1
peakToPeak.clear();,1
apnea/hypopnea,1
slide,1
helper/access,1
belt,1
clipRect,1
down,1
doLevelAnalysis(void);,1
-0.115854,1
detectionCriteria.contactMicSnoringThreshold;,1
within,1
CAGSBrowserDlg,1
_outerTimeout:,1
_id),1
community,1
programming,1
pencontrol,1
el2++;,1
*dGeometry1sec;,1
why,1
//---Effective,1
command,1
LONGLONG,1
LoadCursor(IDC_CURSOR_RIGHT);,1
inhereted,1
CArousalEvnt,1
detectionCriteria.admittancePeakFactor;,1
*myVector::getData(int,1
AdmittanceVector::~AdmittanceVector(),1
\reg.WriteProfileDouble(regSectionCriteria,regSpO2DropSeekWindowLength,&d);\,1
Null,1
--2.5,1
180.0f,1
\boundRect(r.left,point.y,r.right,point.y);\,1
_v->end()),1
_min,1
undo-stacks,1
Now,1
detectionCriteria.actimeterAlwaysAwakeLimit;,1
REG_CREATED_NEW_KEY\:<P>,1
F180,1
---Obstructive,1
ApneaGraph,1
necessary),1
\%s=\"\%s\"\\,1
Thickness,1
////////////////////////////////////////////,1
\characters,\,1
maintain,1
directions,1
detectionCriteria.REIncreaseDuration;,1
\reg.WriteProfileDouble(regSectionCriteria,regReIncreaseDuration,&d);\,1
a4;,1
node,1
ID0,1
Donated,1
static_cast<ULONG>(m_ullSize-1);,1
CColourEditDlg,1
xmed,1
\x,y,z\,1
\max1,avg1,max2,avg2,max3,avg3,max4,avg4;\,1
searching,1
tagApneaGraphView,1
eTestStr;,1
_start),1
getStop,1
.04,1
*_out:,1
(avg));,1
---Create,1
~,1
_flowTime:,1
Title,1
_tval:,1
STATFLAG_NONAME,1
14.04.15,1
Respiration,1
////////////////////////////////////////////////////////,1
\_T("\Generic\,1
SetCapture();,1
implement,1
detectionCriteria.maxHypopneaDuration;,1
Grid,1
15.9.2013,1
characters,1
PC,1
code),1
size),1
**********************************************,1
eventDetection,1
CXTPReportRecordItem::OnClick,1
existed,1
regardless,1
message);,1
****************************************************************************************************,1
\TRUE,\,1
maps,1
CSpiroLeftCursor,1
V,1
dlibMove,1
EXTENDED_WINDOW_FOR_EXCLUSION_OF_AWAKE,1
correspondign,1
----BASE,1
y-values,1
first;,1
having,1
dlgRet,1
\transform(_v->begin(),_v->end()\,1
ID_ADMITTANCE,1
--4000,1
logger,1
--1,1
ID_RB_ABDOMINAL,1
leftPoint,1
rect),1
dE);,1
legal,1
\*max_element(dataSet->getAm3Vector()->begin(),\,1
0.868105,1
Properties,1
cur,1
\(s1,s2);\,1
post,1
/////////////////////////////////////////////////////////,1
dlg.setParY(yTick);,1
warn.LoadString(IDS_DEFAULT_XML_WARNING);,1
\nHitTest,\,1
\s1,s2;\,1
---Obtain,1
removal,1
\TRACE(L"\Processing\,1
\ID0,\,1
---This,1
dont,1
---Body,1
removing,1
Corrected,1
---Populate,1
lvlResults.totalNumSplitHypo[lv],1
envNegSec.clear();,1
reraEventArray.GetAt(i);,1
ID_PR,1
OscVector::generateEnvelopeAndPP(void),1
happen,1
\computed,\,1
x-value,1
smaller,1
3),1
\dlg.getTexts(&xTxt.txt,&yTxt.txt,&title.txt);\,1
stack,1
extent,1
satHisto[],1
myVector::myVector(),1
dataVector->at(sampNo);,1
avg1;,1
Belt,1
upper,1
Context,1
subsequent,1
f,1
Oct,1
high,1
(outer,1
\thickn,\,1
*_v:,1
detectionCriteria.linRegRSquaredLimit;,1
Readers,1
_level:,1
0.474480,1
delays,1
***********************************************************************,1
cursorControlY:,1
buff,1
IN/OUT,1
--2000,1
Body,1
---Mix,1
insert,1
(+/-,1
geometries,1
doSnoringAnalysis(),1
*OscVector::getEnvPosSec(void),1
_ds;,1
------------------------------------------------------------------------------------------,1
Deletes,1
eFirstName,1
(full,1
subclasses,1
\ab,(float)\,1
Inner,1
multilevel,1
updated,1
(16,1
\HKEY_CURRENT_USER/"\Software"\\,1
AHindex+RERAindex,1
\view,\,1
1.5,1
197:,1
ignore,1
detectionCriteria.pOESalarmLine;,1
\CXTButton::OnCommand(wParam,\,1
description,1
---RERA,1
\max,\,1
cpp,1
CSpiroRightCursor,1
wich,1
fro,1
detectionCriteria.apneaShortObstrDuration;,1
AddRoundKey,1
height,1
_time:,1
AASM,1
_pressTime:,1
navigation,1
CXYAxesPar,1
eAddress,1
---StdDev,1
chip,1
---Start,1
---Max,1
myVector::setChannelID(const,1
eID,1
myTile->getPlotRectScale();,1
boundaries,1
speed,1
25.000000,1
room,1
LARGE_INTEGER,1
What,1
Once,1
\change,\,1
until,1
^,1
\occurs,\,1
\---setData(dataSet->getAcVector(),dataSet->getTimeaxisVector());\,1
*_v),1
_start:,1
distance,1
(digitalMax,1
ss.d,1
\reg.WriteProfileDouble(regSectionCriteria,regPressureEnvPercentStabilityLimit,&d);\,1
equally,1
sign;,1
---Colours,1
name:%s,1
(*t,1
_height,1
\D2D1::Point2F(plotRectScale.right,plotRectScale.bottom);\,1
el2++,1
hypopnea,1
(COMPANY_NAME),1
_pp:,1
obstructive),1
---AHI,1
*****************************************************************************,1
myVector::~myVector(),1
generateLabelArray();,1
M_PI,1
Serial,1
peakToPeak.push_back(max,1
\parameters,\,1
//---Arousals,1
cursors,1
y-position,1
